{
  "features": [
    "daily_velocity",
    "tasks_in_progress_ratio",
    "blocked_ratio",
    "overdue_ratio",
    "workload_ratio"
  ],
  "contamination": 0.05,
  "threshold": -0.5529614851079675,
  "n_samples": 800,
  "model_type": "global_baseline",
  "feature_ranges": {
    "daily_velocity": {
      "mean": 2.4945162499999998,
      "std": 0.7691490216517357,
      "min": 0.2,
      "max": 4.917
    },
    "tasks_in_progress_ratio": {
      "mean": 0.5549175000000001,
      "std": 0.150295864055503,
      "min": 0.125,
      "max": 0.9
    },
    "blocked_ratio": {
      "mean": 0.09649125,
      "std": 0.09191876166959109,
      "min": 0.0,
      "max": 0.4
    },
    "overdue_ratio": {
      "mean": 0.07087625000000002,
      "std": 0.06629452950085456,
      "min": 0.0,
      "max": 0.3
    },
    "workload_ratio": {
      "mean": 0.8508625000000001,
      "std": 0.11981095285607384,
      "min": 0.484,
      "max": 1.218
    }
  }
}