{
  "user_id": "69b698000a2aa2d012837cce",
  "features": [
    "daily_velocity",
    "tasks_in_progress_ratio",
    "blocked_ratio",
    "overdue_ratio",
    "workload_ratio"
  ],
  "n_samples": 56,
  "contamination": 0.03,
  "threshold": -0.5756219802674459,
  "model_type": "personal",
  "personal_stats": {
    "daily_velocity": {
      "mean": 3.19261170266455,
      "std": 0.5100339535149087,
      "p25": 2.7929455652458683,
      "p75": 3.446108854563224
    },
    "tasks_in_progress_ratio": {
      "mean": 0.5607142857142857,
      "std": 0.08716308047219647,
      "p25": 0.4857142857142857,
      "p75": 0.6357142857142857
    },
    "blocked_ratio": {
      "mean": 0.0990813272641902,
      "std": 0.031222360429036807,
      "p25": 0.06831634555441923,
      "p75": 0.1294782675737834
    },
    "overdue_ratio": {
      "mean": 0.05357142857142857,
      "std": 0.029054360157398824,
      "p25": 0.02857142857142857,
      "p75": 0.07857142857142857
    },
    "workload_ratio": {
      "mean": 0.8946231359398257,
      "std": 0.08372463828094706,
      "p25": 0.8251536548590721,
      "p75": 0.9764186618132699
    }
  },
  "sprints_used": 4
}