{
  "user_id": "69b698000a2aa2d012837cce",
  "features": [
    "daily_velocity",
    "tasks_in_progress_ratio",
    "blocked_ratio",
    "overdue_ratio",
    "workload_ratio"
  ],
  "n_samples": 84,
  "contamination": 0.03,
  "threshold": -0.572429941989952,
  "model_type": "personal",
  "personal_stats": {
    "daily_velocity": {
      "mean": 3.326914558189051,
      "std": 1.2094401940069954,
      "p25": 2.5628167269488826,
      "p75": 4.121150162154526
    },
    "tasks_in_progress_ratio": {
      "mean": 0.5607142857142858,
      "std": 0.086900144487084,
      "p25": 0.4857142857142857,
      "p75": 0.6357142857142857
    },
    "blocked_ratio": {
      "mean": 0.09466581732451383,
      "std": 0.028309474439301957,
      "p25": 0.0746304236036529,
      "p75": 0.1144650100680307
    },
    "overdue_ratio": {
      "mean": 0.05357142857142855,
      "std": 0.028966714829028004,
      "p25": 0.02857142857142857,
      "p75": 0.07857142857142857
    },
    "workload_ratio": {
      "mean": 0.9037682541667496,
      "std": 0.08064013447350171,
      "p25": 0.8428889259937267,
      "p75": 0.9655296618765264
    }
  },
  "sprints_used": 6
}