{
  "user_id": "69b698000a2aa2d012837cce",
  "features": [
    "daily_velocity",
    "tasks_in_progress_ratio",
    "blocked_ratio",
    "overdue_ratio",
    "workload_ratio"
  ],
  "n_samples": 56,
  "contamination": 0.03,
  "threshold": -0.5710510452792636,
  "model_type": "personal",
  "personal_stats": {
    "daily_velocity": {
      "mean": 3.2613825283438715,
      "std": 0.5299428227323117,
      "p25": 2.8747726967917564,
      "p75": 3.5131477056165465
    },
    "tasks_in_progress_ratio": {
      "mean": 0.5607142857142857,
      "std": 0.08716308047219647,
      "p25": 0.4857142857142857,
      "p75": 0.6357142857142857
    },
    "blocked_ratio": {
      "mean": 0.09649474855731839,
      "std": 0.026018743376290038,
      "p25": 0.0775424768759078,
      "p75": 0.11332164590159406
    },
    "overdue_ratio": {
      "mean": 0.05357142857142857,
      "std": 0.029054360157398824,
      "p25": 0.02857142857142857,
      "p75": 0.07857142857142857
    },
    "workload_ratio": {
      "mean": 0.8910570983986099,
      "std": 0.08228004404273469,
      "p25": 0.8201064354443783,
      "p75": 0.9575587244137234
    }
  },
  "sprints_used": 4
}